Unnamed: 0,Unit ID,Plant name,State,Region,Ownership,Age grouping,Age,Capacity,Avg daily generation,Actual avg PLF,Target PLF,Coeff of variation,Daily actual coal consumption - calc (tons/MW),Annual actual coal consumption (tons),Daily target coal consumption at 85%(tons/MW),Daily target generation,Not contracted in MERIT,Import share,Imported coal,Target SHR,Actual SHR,Efficiency,Actual coal used,Plant status,Wtd GCV,Pithead plant,Total,Auxiliary consumption (%),"Actual aux, MU",VC  - ACTUAL,Variation,TOTAL VC - ACTUAL,TOTAL VC - TARGET,INR/Mcal,FGD status - Jun 2020,Retirement by 2022,Retirement by 2027,Actual coal cost (INR crore),Target coal cost (INR crore),wtd PLF,FGD status - Feb 2021,Actual energy,Actual energy-coal cost,Actual energy-transport cost,Actual SHR.1,Actual INR/Mcal,Actual-cons,Actual age,Actual aux,Boiler design,bws_score,coal_price
0,DARLIPALI STPS1,DARLIPALI STPS,Odisha,ER,CENTRAL SECTOR, 0-5 years,0.342231348391512,800.0,0.112473118279569,0.0058579749103942,0.85,0.15,0.0942100200295164,27509.32584861881,11.1203976279603,16.32,Contracted,0.0,0.0,2398.8474712799452,2677.896513484246,0.3585054949496778,25649.755138840188,Operational,0.0,N,0.0,0.0748042833509773,0.0084134710091528,1.778001231327187,0.3318342088884936,7.299173011918294,1042.0818202973026,0.591968037748452,Unknown,N,N,7.938599215471038,1031.867989719285,4.686379928315375,Unknown,6.5077917745494505,4.414493440156244,2.093298334393206,30872.1155584098,125889.39391633237,73303.62376344028,285.01273247812014,23785.252735599573,2,0.0837909368365761,1.66
1,GADARWARA TPP1,GADARWARA TPP,Madhya Pradesh,WR,CENTRAL SECTOR, 0-5 years,1.06776180698151,800.0,3.30100524392181,0.1719273564542609,0.85,0.15,1.7091506937912078,499072.0025870327,11.14337880523614,16.32,Contracted,0.0,0.0,2404.390913593429,2628.542201057516,0.357678942778363,763143.019322803,Operational,3320000.0,N,499072.0025870327,0.0735416341898134,0.2427613201071537,1.826794406832528,0.2594324166449932,220.10441395302405,1074.4988422730482,0.6194959518072289,Unknown,N,N,236.19276448040753,1068.1460863305754,137.54188516340875,Unknown,196.1970646149753,122.7178389994792,73.47922561549609,889375.2379299653,3866578.531720172,2151408.711191954,26098.547291338375,686296.9334410083,2,0.480175605372469,1.72
2,KOTHAGUDEM STAGE-7 TPS12,KOTHAGUDEM STAGE-7 TPS,Telangana,SR,STATE SECTOR, 0-5 years,1.96030116358658,800.0,12.1644544656572,0.6335653367529791,0.85,0.15,8.160329589201828,2382816.2400469338,11.171649989356604,16.32,Contracted,0.0,0.0,2411.210393571526,2482.7574599226896,0.3566673411382212,2571980.2556538973,Operational,0.0,N,0.0,0.07,0.8515118125960041,2.0824074512262363,0.0726438409210498,924.5942976076188,1236.0800070068285,0.764387903235103,Unknown,N,N,796.0278891248812,1037.1859200690892,506.8522694023833,Unknown,842.6235689232938,414.263151115322,428.36041780797177,3095642.482226279,17581203.097321652,7928104.129038054,176567.66437543134,2407261.3607286573,2,0.2502061636335578,2.04
3,LARA TPP1,LARA TPP,Chhattisgarh,WR,CENTRAL SECTOR, 0-5 years,2.09171800136892,800.0,3.66975672186948,0.1911331625973687,0.85,0.15,2.008800648859331,586569.7894669247,11.17581261769336,16.32,Contracted,0.0,0.0,2412.2144887830254,2630.016889863418,0.3565188767412944,537832.9142710516,Operational,5240000.0,N,586569.7894669247,0.0524894450572439,0.1926234938260196,2.4270883826403646,0.1897360034222091,325.0990725969518,1432.4696030079667,0.9643666809160308,Bid Awarded,N,N,166.4592869668905,678.9664172624814,152.906530077895,Bid Awarded,339.7276332870455,232.94951348515647,106.77811980188896,989281.0214211708,6691471.305237953,2391740.090059742,56837.65428164552,544555.0924798859,2,0.1399765094174352,1.59
4,YERMARUS TPS2,YERMARUS TPS,Karnataka,SR,STATE SECTOR, 0-5 years,3.09103353867214,800.0,0.780441218637992,0.0406479801373954,0.85,0.15,0.6169478448531118,180148.77069710864,11.20746593733744,16.32,Contracted,0.0,0.0,2419.8497961204657,2687.3982645488704,0.3553939593187821,178612.9438732625,Operational,0.0,N,0.0,0.1322110144095542,0.1031829252031576,2.3826677198227593,0.2374169190590631,67.87292160867761,1402.9717469974944,0.8146521073781305,Bid opened,N,N,55.28070612877474,1040.9021725808807,32.51838410991633,Bid Awarded,62.36447641090306,28.76879042763492,33.595685983268126,214979.0285963899,1202138.5713625983,508647.4913793901,17862.39353003218,291702.6695980355,2,0.3312441565152224,3.46
5,KUDGI STPP3,KUDGI STPP,Karnataka,SR,CENTRAL SECTOR, 0-5 years,2.11635865845311,800.0,4.58975221586595,0.2390495945763515,0.85,0.15,2.676256834725654,781466.995739891,11.176593110506502,16.32,Contracted,0.0489080572237485,38220.03254611743,2423.429352021396,2625.3919606827776,0.3548690203337964,736579.2009825222,Operational,4776907.055578312,N,781466.995739891,0.0788136388447238,0.3617350735280297,3.0458252468140583,0.1401969824635952,510.25478591324264,1802.0059116326383,1.252399859499316,Bid Awarded,N,N,235.66612959126195,773.5070853314108,191.2396756610812,Bid Awarded,550.8321315328386,286.80223138304376,264.02990014979474,1235114.603328694,10868619.848191565,2991341.1733012297,71924.06866058656,1022640.9692069752,2,0.3312441565152224,3.46
6,WANAKBORI TPS8,WANAKBORI TPS,Gujarat,WR,STATE SECTOR, 0-5 years,0.536618754277891,800.0,1.76293333333333,0.0918194444444442,0.85,0.15,1.4185237744505703,414208.9421395666,11.126554849041751,16.32,Contracted,0.1057133246840613,43787.40438744158,2424.166356491594,2674.799012558261,0.3547611316760645,394757.605319034,Operational,3488023.3958643153,N,414208.9421395666,0.0924968561604448,0.1630657909537865,2.6655423152910416,0.1988038323141492,171.51982906485335,1572.5073181645744,1.034324812556965,Unknown,N,N,131.091250115835,1099.8393034956218,73.45555555555542,Unknown,178.02330164000267,81.62860458618175,96.39469705382092,483337.9647686185,3447743.758116595,1148980.3409333313,7004.827964042867,460994.1659211565,2,0.5410396253694397,3.7
7,YERMARUS TPS1,YERMARUS TPS,Karnataka,SR,STATE SECTOR, 0-5 years,4.17522245037645,800.0,1.02148735543902,0.0532024664291156,0.85,0.15,0.8074976147244327,235789.30349953435,11.241807621115674,16.32,Contracted,0.0,0.0,2428.1335816153314,2691.531898444899,0.3541815024146569,234138.71147296295,Operational,0.0,N,0.0,0.1322110144095542,0.1350518794691257,2.3911192940938166,0.2329080119306395,89.15118153560348,1408.2595773954786,0.8146521073781305,Bid opened,N,N,72.46593120088204,1044.4654558609525,42.561973143292505,Bid Awarded,81.75184749709888,37.71220257218146,44.03964492491741,281809.9946047801,1573429.6457014994,665747.7442395709,31579.72556634094,381797.6055419151,2,0.3312441565152224,3.46
8,KUDGI STPP2,KUDGI STPP,Karnataka,SR,CENTRAL SECTOR, 0-5 years,3.10746064339493,800.0,5.58146434044882,0.2907012677317093,0.85,0.15,3.4262952142111267,1000478.2025496488,11.207986265879535,16.32,Contracted,0.0489080572237485,48931.44518141129,2431.001903408117,2615.889956492525,0.3537636061881861,892490.6705367381,Operational,4776907.055578312,N,1000478.2025496488,0.0788136388447238,0.4398955147528378,3.052189906032059,0.1280766543284646,621.8026529090457,1806.8397363903912,1.252399859499316,Bid Awarded,N,N,285.54949928146823,775.9240826112282,232.56101418536747,Bid Awarded,667.4265819197208,347.50956238928495,319.91701953043577,1496550.8923468771,13217012.871168736,3637683.1043693055,128424.98651484844,1243603.9756089214,2,0.3312441565152224,3.46
9,KUDGI STPP1,KUDGI STPP,Karnataka,SR,CENTRAL SECTOR, 0-5 years,3.35660506502395,800.0,6.40953267828451,0.3338298269939849,0.85,0.15,4.034247447350044,1178000.2546262126,11.215877915434634,16.32,Contracted,0.0489080572237485,57613.703862849135,2432.9055005799173,2603.536494074723,0.3534868081785366,1020060.8880949912,Operational,4776907.055578312,N,1178000.2546262126,0.0788136388447238,0.5051585936697706,3.0527684660041863,0.1181780254109045,714.1889023362962,1808.054869133363,1.252399859499316,Bid Awarded,N,N,326.3651771922298,776.5316703252155,267.0638615951879,Bid Awarded,762.8267435913885,397.181645180821,365.6450984105674,1710463.8543825175,15177894.319441415,4177371.2611095207,159302.41112184632,1428105.5712825628,2,0.3312441565152224,3.46
10,DAMODARAN SANJEEVAIAH TPS2,DAMODARAN SANJEEVAIAH TPS,Andhra Pradesh,SR,STATE SECTOR, 5-10 years,5.1772758384668,800.0,9.22332836416636,0.4803816856336645,0.85,0.15,6.130937168910301,1790233.653321808,11.273547662183436,16.32,Contracted,0.1204866120105514,215699.1875960167,2462.9541890058176,2585.1393587278744,0.3491741762144357,2315575.809957139,Operational,3006737.248024172,N,1790233.653321808,0.0743080715713893,0.6853677442108989,2.949375610792696,0.087591323496431,992.9116800575736,1749.4237794922396,1.198321331981,Feasibility Study started,N,N,776.2642340458559,1308.6226559841396,384.3053485069317,Feasibility Study completed,1042.8882760862948,455.9549024334133,586.9333736528816,2443967.8901994578,20897922.25815844,6011244.309711059,353577.57438423083,1937564.769064956,2,0.3737469423015516,3.43
11,DAMODARAN SANJEEVAIAH TPS1,DAMODARAN SANJEEVAIAH TPS,Andhra Pradesh,SR,STATE SECTOR, 5-10 years,5.7577002053388,800.0,8.50912541055174,0.4431836151329031,0.85,0.15,5.631774196432727,1644478.0653583563,11.291932604004106,16.32,Contracted,0.1204866120105514,198137.5906206945,2467.388942856605,2601.8707233817827,0.348546589093627,2150096.7988271676,Operational,3006737.248024172,N,1644478.0653583563,0.0743080715713893,0.6322967000172061,2.9553883278942252,0.0962103010189096,917.893602041046,1752.2546381901502,1.198321331981,Feasibility Study started,N,N,720.7897221455735,1310.9789399088502,354.5468921063225,Feasibility Study completed,968.359893165852,423.37079698106777,544.9890961847842,2269313.5394481025,19279704.060574565,5545767.177011928,362768.61758360255,1787530.592003442,2,0.3737469423015516,3.43
12,BELLARY TPS3,BELLARY TPS,Karnataka,SR,STATE SECTOR, 0-5 years,4.17522245037645,700.0,2.85416885339972,0.1698910031785547,0.85,0.15,2.30003711563986,587659.4830459843,11.762597621115674,14.28,Contracted,0.0,0.0,2520.7078116153316,2745.532258825393,0.3411740131232786,830423.4658391176,Operational,2411001.6356390887,N,587659.4830459843,0.0667024141336707,0.1903799528668923,3.335022035982453,0.1425336816617546,347.43313474835355,1726.2689282613542,1.3770499475915714,BID Opened,N,N,257.0160626772069,1180.6054059740209,118.92370222498832,NIT issued,393.8662524530395,119.28042225499486,274.5858301980446,803211.7975622205,7431414.813744029,1860185.9981057204,88237.87062114239,538212.5034726306,2,0.3312441565152224,3.46
14,TANDA STPS5,TANDA STPS,Uttar Pradesh,NR,CENTRAL SECTOR, 0-5 years,0.602327173169062,660.0,8.65545516623408,0.5464302503935656,0.85,0.15,7.634085166010927,1839051.1164920323,11.85774216321013,13.464,Contracted,0.0,0.0,2530.438665052703,2630.790081463802,0.3398620215053061,1909944.6259554164,Operational,2872050.889302442,N,1839051.1164920323,0.1211581336834141,1.0486787941213864,2.329614940442948,0.0910776970223701,735.981535013145,1139.8017272572918,0.7713675275921291,Unknown,N,N,591.1278617332014,884.453979789073,360.6439652597533,Unknown,641.1067120820364,323.52493956742177,317.58177251461467,2333995.274193032,12623896.109416766,5641136.644134482,38602.737607785486,2964661.0928481,2,0.5913331785557139,2.04
15,IB VALLEY TPS4,IB VALLEY TPS,Odisha,ER,STATE SECTOR, 0-5 years,0.678986995208761,660.0,7.93129011070501,0.5007127595142052,0.85,0.15,7.000432200022229,1686404.1169853548,11.860170363073236,13.464,Contracted,0.0,0.0,2531.024387259411,2646.488689491489,0.3397833716376026,2357346.27490327,Operational,2144999.9999999995,Pithead plant,1686404.1169853548,0.1094542261291757,0.8681132212732012,1.905247217814649,0.1281353843802133,551.5539972242069,930.490881963708,0.5632756525372362,Unknown,N,N,729.5986720825621,1184.515067663226,330.47042127937544,Unknown,431.5466224070177,318.369496421271,113.17712598574671,2151482.131033292,8447086.927307209,5169166.776266271,39875.030611716305,2454194.273521076,2,0.0837909368365761,1.66
16,NABINAGAR STPP1,NABINAGAR STPP,Bihar,ER,CENTRAL SECTOR, 0-5 years,0.810403832991102,660.0,6.19244595847237,0.3909372448530536,0.85,0.15,5.477255160223985,1319470.7680979578,11.864332991409992,13.464,Contracted,0.0,0.0,2532.0284824709097,2683.781408315142,0.3396486279493819,1536701.3491950922,Operational,2605293.720072208,N,1319470.7680979578,0.07,0.4334712170930659,1.9238022911782624,0.1667820517727101,434.82602288609513,937.7815755537991,0.6295435396645189,Unknown,N,N,475.609067575881,975.626190581039,258.0185816030154,Unknown,381.8809561291493,233.9196667218998,147.96128940724947,1703465.0618728,7371063.372752391,4035886.4025356374,37158.60907721989,1225442.2034556493,2,0.1861689550136247,1.87
17,IB VALLEY TPS3,IB VALLEY TPS,Odisha,ER,STATE SECTOR, 0-5 years,0.840520191649555,660.0,7.30028967371153,0.4608768733403744,0.85,0.15,6.451300128917131,1554118.201056137,11.8652869270705,13.464,Contracted,0.0,0.0,2532.2585876235453,2660.8914865511697,0.3396177642375324,2181608.216732246,Operational,2144999.9999999995,Pithead plant,1554118.201056137,0.1094542261291757,0.7990475567549082,1.9079195770663115,0.1425491623482475,508.38534391561814,931.1408444501268,0.5632756525372362,Unknown,N,N,675.2077430786301,1185.0926713146134,304.1787364046471,Unknown,399.3752073546467,294.6353349713343,104.7398723833125,1991091.060818984,7775050.541289932,4757916.3429586105,45434.31466371549,2258942.6010386227,2,0.0837909368365761,1.66
18,CHHABRA TPS6,CHHABRA TPS,Rajasthan,NR,STATE SECTOR, 0-5 years,1.06776180698151,660.0,9.68098919915827,0.611173560552921,0.85,0.15,8.549620905277095,2059603.6760812523,11.87248480523614,13.464,Contracted,0.0,0.0,2533.9948355934284,2612.943978273177,0.3393850642156495,2083295.272186903,Operational,2925066.9164107726,N,2059603.6760812523,0.0846167299044058,0.8191736482726457,2.339106559663378,0.0713625052870429,826.537584902022,1145.5443300393306,0.8301678091452557,Unknown,N,N,644.7798867418464,869.6439418842384,403.3745499649279,Unknown,766.4936964023314,352.8887528339768,413.6049435683546,2592827.9492459977,15195947.09611871,6309521.784121608,76540.24631023969,2315839.9473072933,2,0.7332776481482451,2.8
19,SHREE SINGAJI TPP4,SHREE SINGAJI TPP,Madhya Pradesh,WR,STATE SECTOR, 0-5 years,1.06776180698151,660.0,5.8407741598409,0.3687357424141982,0.85,0.15,5.1765108101676045,1247021.4541693758,11.87248480523614,13.464,Contracted,0.0024167248138043,3013.7076916375527,2534.5396997363596,2693.631802883607,0.3393121047144996,1335186.5315735582,Operational,2838595.449550145,N,1247021.454169376,0.0827807131525878,0.4835034503148367,2.2572546347592666,0.1490186917734727,481.2201808152307,1101.282371040322,0.7852489385256163,Bid opened,N,N,413.9294713929366,897.8233683709005,243.3655899933709,Bid opened,450.92972797354975,220.60062891383873,230.32909905971096,1612621.7406168436,8672013.00279742,3806686.593644268,46178.57572608134,1366885.5281918575,2,0.480175605372469,1.72
20,RAIKHEDA TPP2,RAIKHEDA TPP,Chhattisgarh,WR,PVT SECTOR, 0-5 years,4.17522245037645,685.0,3.66771021946783,0.2230967286780918,0.85,0.15,2.2286717362325694,557223.6508515482,10.950965021115673,13.974,Not contracted,0.0013611142179564,758.4450337556545,2534.900816938009,2742.136983622818,0.339263766950386,884563.3255120832,Operational,2842750.0000000005,N,557223.6508515482,0.0946856615599927,0.3472795685406578,1.886719897772156,0.2322366710195376,252.57787753712665,951.4890166380764,0.5646400256601343,GCEL is under stressed asset,N,N,274.02952187717614,965.1501925765302,152.82125914449293,GCEL is under stressed ass,207.27584140828995,142.6791300934729,64.59671131481704,1030879.7933964452,3915694.7104547974,2390406.295421732,113388.85554572348,981774.6205654552,2,0.1399765094174352,1.59
21,SHREE SINGAJI TPP3,SHREE SINGAJI TPP,Madhya Pradesh,WR,STATE SECTOR, 0-5 years,1.45379876796714,660.0,7.69663850060071,0.4858988952399438,0.85,0.15,6.8188646251172695,1642664.48819075,11.88471252597536,13.464,Contracted,0.0024167248138043,3969.868029365859,2537.489229420138,2657.850568541996,0.3389176947153093,1736060.8634169083,Operational,2838595.449550145,N,1642664.4881907504,0.0827807131525878,0.6371332239573911,2.256445468916869,0.1127807154375549,633.8971450758634,1102.8356712197296,0.7852489385256163,Bid opened,N,N,538.2070134075018,898.8681958305278,320.69327085836295,Bid opened,586.3161695943036,286.83341933589065,299.48275025841286,2096792.789005091,11427483.297326924,5016234.114616259,82851.64255156055,1801203.6579893988,2,0.480175605372469,1.72
22,MEJA STPP1,MEJA STPP,Uttar Pradesh,NR,CENTRAL SECTOR, 0-5 years,2.09171800136892,660.0,1.53725666199158,0.0970490316913876,0.85,0.15,1.428885910325144,344218.6157973272,11.904918617693362,13.464,Contracted,0.0,0.0,2541.818410783025,2790.722315917965,0.3383404559317323,373869.82080685976,Operational,2764263.245034274,N,344218.6157973272,0.0649331992529807,0.0998189931360713,2.1176284283591333,0.2485161566929698,118.81985193280104,1028.1410095179,0.7288151501558675,Bid Awarded,N,N,115.7127095397231,923.0743394007563,64.05236091631583,Bid Awarded,114.12302253904876,60.120443108100154,54.00257943094861,439730.78837112983,2118390.0310486527,1001897.0372847094,23809.22478477618,282192.6856313716,2,0.5913331785557139,2.04
23,RAIKHEDA TPP1,RAIKHEDA TPP,Chhattisgarh,WR,PVT SECTOR, 5-10 years,5.2539356605065,685.0,6.64397239691519,0.4041345740216052,0.85,0.15,4.781673830781344,1195537.9995411057,10.985133262046542,13.974,Not contracted,0.0013611142179564,1627.2637692826356,2543.142765132397,2690.5330340365863,0.3381642634424529,1572211.3089304958,Operational,2842750.0000000005,N,1195537.9995411057,0.0946856615599927,0.6290889217882456,1.8894178249039757,0.1649352487286106,458.1932554339066,955.9938542205005,0.5646400256601343,GCEL is under stressed asset,N,N,487.0564953918925,968.2882711292953,276.8321832047996,GCEL is under stressed ass,368.40937503433247,253.59602349719984,114.8133515371326,1832272.2891405749,7093190.57784867,4330165.823868896,258468.90744221047,1778462.061807929,2,0.1399765094174352,1.59
24,SOLAPUR STPS2,SOLAPUR STPS,Maharashtra,WR,CENTRAL SECTOR, 0-5 years,1.06776180698151,660.0,0.516500488758553,0.0326073540882924,0.85,0.15,0.4998557048727789,120415.23930385245,11.87248480523614,13.464,Not contracted,0.0625282409897794,7529.353102033248,2548.0921776827236,2818.298645512932,0.3375074134021705,136889.28775109933,Operational,2561681.222950704,N,120415.23930385248,0.09,0.0464850439882697,3.124240430332853,0.1828622119724488,58.899017388214496,1521.7533285842835,1.2262288503811818,Unknown,N,N,44.19553230432776,1041.6213137579985,21.520853698273044,Unknown,65.1511585678229,24.504245100448134,40.64691346737477,149204.39435718727,1197524.521066182,336625.83629521006,4083.578012087452,131415.2646967741,2,0.3002767882898282,2.38
25,BARA TPP3,BARA TPP,Uttar Pradesh,NR,PVT SECTOR, 0-5 years,3.00889801505817,660.0,7.29311496918975,0.4604239248225852,0.85,0.15,5.6239303878610425,1354804.8304357252,11.044219194626969,13.464,Contracted,0.0,0.0,2548.8261586132785,2677.608789275967,0.3374102219932857,1566109.1718373036,Operational,3003827.243153243,N,1354804.830435725,0.072032085285824,0.5253382794599958,1.9028468970196797,0.1430955481468625,506.535363388663,928.6404045433223,0.6071474209133338,NIT issued,N,N,484.71078868364543,851.7984003909032,303.8797903829062,Bid opened,432.7600913333158,269.25787003183814,163.50222130147765,2001631.146127016,8372388.3109155055,4753240.27592212,162486.11881865162,1485154.4309177045,2,0.5913331785557139,2.04
26,CHHABRA TPS5,CHHABRA TPS,Rajasthan,NR,STATE SECTOR, 0-5 years,3.09103353867214,660.0,7.05377833748256,0.4453142889824848,0.85,0.15,6.306058234237446,1519129.428627801,11.93657193733744,13.464,Contracted,0.0,0.0,2549.453718120465,2683.2311592343785,0.3373271669485407,1558765.8793630083,Operational,2925066.9164107726,N,1519129.428627801,0.0846167299044058,0.5968676563883107,2.361292311249205,0.1197859298004666,607.9451882047125,1153.6853855895602,0.8301678091452557,NIT issued,N,N,482.4380396628512,874.9492895310062,293.90743072844,Bid opened,573.5069035339282,264.03887844047273,309.4680250934556,1940009.0771102316,11072096.067770932,4597254.181895065,161443.75966920005,1687371.1267866353,2,0.7332776481482451,2.8
27,BARA TPP1,BARA TPP,Uttar Pradesh,NR,PVT SECTOR, 0-5 years,3.42231348391512,660.0,8.90674009887529,0.5622941981613188,0.85,0.15,7.0543769968808885,1699399.418548606,11.057314129603013,13.464,Contracted,0.0,0.0,2551.984874799452,2647.0921269602272,0.3369925928999023,1890817.809381887,Operational,3003827.243153243,N,1699399.418548606,0.072032085285824,0.6415710624208535,1.902780073971468,0.1056811951668348,618.5862168226635,930.3038678560218,0.6071474209133338,NIT issued,N,N,585.2081120036942,852.8540194199135,371.1141707864704,Bid opened,522.4862369733777,325.0843460517855,197.4018909215922,2416638.5632429076,10224806.136639109,5804909.965631328,225701.42731732357,1813749.6225904992,2,0.5913331785557139,2.04
28,MAUDA TPS4,MAUDA TPS,Maharashtra,WR,CENTRAL SECTOR, 0-5 years,3.17590691307323,660.0,7.64477172254886,0.4826244774336402,0.85,0.15,6.82785444334906,1644830.1354027886,11.939260301471595,13.464,Contracted,0.0296409744513165,48754.36802022964,2556.7849199573975,2678.2286873027865,0.3363599312899302,1785266.2840754038,Operational,2762777.917607346,N,1644830.1354027886,0.0730096937023126,0.5581424418873933,2.0883882645276706,0.1229523018566909,582.731681588287,1020.1917866433826,0.7031273808594438,Bid Awarded,N,N,563.8429930238377,948.0130323480978,318.53215510620254,Bid Awarded,525.4592650556838,312.33805246865455,213.1212125870292,2098630.8108591787,10163438.89197844,4982430.279155023,179774.47275770287,1577893.2414831035,2,0.3002767882898282,2.38
29,LALITPUR TPS3,LALITPUR TPS,Uttar Pradesh,NR,PVT SECTOR, 0-5 years,4.09034907597535,660.0,7.01427253915285,0.4428202360576294,0.85,0.15,5.4132599473221354,1304054.3213099025,11.07847415698152,13.464,Contracted,0.0,0.0,2557.0890254579053,2691.690928640052,0.336319929199961,1480651.3121993938,Operational,3071792.1866069343,N,1304054.3213099027,0.0567844120229827,0.3983013419047488,2.290428427709524,0.1242530768886223,586.3976566532954,1118.818792158405,0.8299312647856624,NIT issued,N,N,458.2615811257124,835.6522238192593,292.2613557980354,Bid opened,571.9299203524153,295.3399063901106,276.59001396230457,1935226.010876292,11006947.881946957,4571506.534621366,212441.20037820344,1126015.418823769,2,0.5913331785557139,2.04
30,LALITPUR TPS1,LALITPUR TPS,Uttar Pradesh,NR,PVT SECTOR, 0-5 years,4.17522245037645,660.0,6.12250019775058,0.3865214771307184,0.85,0.15,4.632646788878499,1116004.6114408304,11.081162521115674,13.464,Contracted,0.0,0.0,2557.7375036153317,2710.950155094458,0.3362346600401332,1301653.2555703437,Operational,3071792.1866069343,N,1116004.6114408304,0.0567844120229827,0.3476625738398623,2.293030943321854,0.1412724216809609,512.426507743673,1119.1602978716085,0.8299312647856624,NIT issued,N,N,402.8616825990214,835.8641453475894,255.10417490627415,Bid opened,502.7884935846096,259.63584233852237,243.1526512460872,1701273.7682174228,9607559.47358578,3990299.7076326553,189279.75465906167,982857.3933985396,2,0.5913331785557139,2.04
31,LALITPUR TPS2,LALITPUR TPS,Uttar Pradesh,NR,PVT SECTOR, 0-5 years,4.33949349760438,660.0,5.53787386223641,0.3496132488785612,0.85,0.15,4.124334822158705,993552.258658032,11.08636580653662,13.464,Contracted,0.0,0.0,2558.9926226297057,2724.4060714120214,0.3360697457252672,1183204.649331496,Operational,3071792.1866069343,N,993552.2586580322,0.0567844120229827,0.3144649111245391,2.2956265197136037,0.1523499303799025,464.0204886857226,1119.8212766713564,0.8299312647856624,NIT issued,N,N,366.201838968098,836.2743160475839,230.7447442598504,Bid opened,457.03545141061545,236.0093477071454,221.02610370347008,1546460.2602315587,8690151.20786771,3609273.293532476,177941.74241065912,889006.1402051615,2,0.5913331785557139,2.04
32,BARA TPP2,BARA TPP,Uttar Pradesh,NR,PVT SECTOR, 0-5 years,4.67351129363449,660.0,5.35513091504641,0.3380764466569703,0.85,0.15,3.974399845498299,957432.9227805402,11.096945820225873,13.464,Contracted,0.0,0.0,2561.5446979589315,2730.771881295801,0.3357349183425368,1172782.1919495726,Operational,3003827.243153243,N,957432.9227805404,0.072032085285824,0.3857412467893758,1.920621742972931,0.1862948981900871,375.40910182452023,935.338323047436,0.6071474209133338,NIT issued,N,N,362.97608840839274,856.0488399249316,223.1304547936004,Bid opened,324.07276429315795,201.63398611933897,122.43877817381905,1498923.1946553253,6147611.228667895,3490171.7655305504,185314.382288315,1090507.477288424,2,0.5913331785557139,2.04
33,SOLAPUR STPS1,SOLAPUR STPS,Maharashtra,WR,CENTRAL SECTOR, 0-5 years,3.09103353867214,660.0,3.86223589084873,0.2438280234121673,0.85,0.15,3.5027193754779473,843805.0975526375,11.93657193733744,13.464,Contracted,0.0625282409897794,52761.64848817566,2563.55106020976,2763.934057916772,0.3354721555378855,1003871.645764938,Operational,2561681.222950704,N,843805.0975526376,0.09,0.3476012301763856,3.1336493756415496,0.1352020088499492,441.75559770975553,1529.8943841345133,1.2262288503811818,Bid Awarded,N,N,324.10601646546064,1047.9406697326658,160.92649545203042,Bid Awarded,477.7831914349162,179.70081707154426,298.08237436337185,1094183.9451385962,8954729.542560678,2517187.1373273693,88397.14733231548,982683.97216277,2,0.3002767882898282,2.38
34,MAUDA TPS3,MAUDA TPS,Maharashtra,WR,CENTRAL SECTOR, 0-5 years,4.17522245037645,660.0,7.96876403676042,0.5030785376742689,0.85,0.15,7.14409123933908,1721011.5795567844,11.970913621115674,13.464,Contracted,0.0296409744513165,51012.46026006263,2564.420227294838,2679.10247140161,0.3353584528956859,1861534.6137964951,Operational,2762777.917607346,N,1721011.5795567846,0.0730096937023126,0.5817970215098827,2.0958772592937613,0.115691916082101,609.6066235203303,1024.212741008516,0.7031273808594438,Bid Awarded,N,N,587.93091967459,950.8440764478092,332.03183486501746,Bid Awarded,547.9074011347365,325.68144094947166,222.2259601852647,2188286.3810523637,10594174.59037049,5193590.163992365,246357.80369074197,1644765.7788773847,2,0.3002767882898282,2.38
35,SASAN UMPTPP6,SASAN UMPTPP,Madhya Pradesh,WR,PVT SECTOR, 5-10 years,5.1772758384668,660.0,15.3174876476679,0.9670131090699432,0.85,0.15,12.740941052606274,3069292.6995728514,11.112902562183436,13.464,Contracted,0.0,0.0,2565.3937296030117,2526.71256572203,0.3352311928091766,3295976.273413177,Operational,0.0,N,0.0,0.0599850332607347,0.9188200060162518,1.7396821743881137,0.0470113038432441,972.6359479226156,856.890903989031,0.5385536531578776,Bid Awarded,N,N,1020.1046566213784,910.3942015467028,638.2286519861625,Bid Awarded,760.7907429025166,531.3883122113837,229.40243069113288,3967046.072752082,15597631.769230615,9983073.010697844,587198.0172758758,2597544.585088209,2,0.480175605372469,1.72
36,NIGRI TPP2,NIGRI TPP,Madhya Pradesh,WR,PVT SECTOR, 5-10 years,5.2539356605065,660.0,9.4328214715256,0.5955064060306565,0.85,0.15,7.574485041072878,1824693.446394456,11.115330762046543,13.464,Contracted,0.0,0.0,2565.9794518097187,2650.1077045604775,0.3351546714037263,2034911.61105535,Operational,2959350.3946997374,Pithead plant,1824693.4463944563,0.0602871699121468,0.5686781108048107,1.6463222282200762,0.1080437635941848,566.8254237142535,804.8242862156321,0.4817361254332414,NIT issued,N,N,629.8051436216308,870.4189565108708,393.0342279802333,NIT issued,439.5489221302968,345.89525363919,93.6536684911067,2562294.267886933,8591974.482487936,6147780.080727245,366962.8520694421,1607678.041082075,2,0.480175605372469,1.72
37,BARH II5,BARH II,Bihar,ER,CENTRAL SECTOR, 5-10 years,5.1772758384668,660.0,12.5744592662268,0.7938421253931061,0.85,0.15,11.22131230541534,2703214.134374555,12.002653662183436,13.464,Contracted,0.0047535098469989,12849.755006296286,2566.465435017673,2585.029611015924,0.3350912068660212,2768187.7237947024,Operational,0.0,N,0.0,0.0789386025289212,0.9926102420327874,2.021907478849338,0.0194127506031784,927.990352999767,992.703005575226,0.6563170334683781,Bid Awarded,N,N,859.5647790985468,913.762421729233,523.93580275945,Bid Awarded,778.6842323777936,471.48113497892393,307.2030973988697,3331798.328435259,15604330.580784598,8195322.092778087,482043.64314070885,2806152.8290773393,2,0.1861689550136247,1.87
38,KORADI TPS10,KORADI TPS,Maharashtra,WR,STATE SECTOR, 0-5 years,3.42231348391512,660.0,8.17004200610908,0.515785480183654,0.85,0.15,7.297038351042245,1757856.5387660768,11.947065229603012,13.464,Contracted,0.0714588910594988,125614.47890191278,2568.095681958606,2678.577376831719,0.3348784883840874,1960346.07049832,Operational,2689258.434790319,N,1757856.5387660768,0.0824974969418697,0.6740080154139313,2.023940505177303,0.1154157990759995,603.5522814984932,989.0720211766428,0.653872465730303,Bid opened,N,N,636.6490846029141,1005.9049299159058,340.41841692121164,Bid opened,522.2932344225254,364.6196200085895,157.67361441393592,2243119.1927461834,10100886.416954022,5324771.772208553,207033.11442243177,1905450.3159278615,2,0.3002767882898282,2.38
39,NIGRI TPP1,NIGRI TPP,Madhya Pradesh,WR,PVT SECTOR, 5-10 years,5.7577002053388,660.0,9.40078896503881,0.5934841518332582,0.85,0.15,7.562305553705778,1821759.407887722,11.131287504004106,13.464,Contracted,0.0,0.0,2569.828483453798,2654.6252352012957,0.3346526842305745,2031458.394854983,Operational,2959350.3946997374,Pithead plant,1821759.407887722,0.0602871699121468,0.5667469616435297,1.650515399682971,0.1086256310203896,566.3393638927697,806.8512878681926,0.4817361254332414,NIT issued,N,N,628.7363732076172,871.7246061351709,391.6995402099504,NIT issued,438.80301383113135,345.3082742898131,93.49473954131828,2557946.0907828743,8562797.371569913,6126903.102835773,400782.8128626896,1602218.5974325703,2,0.480175605372469,1.72
40,SASAN UMPTPP5,SASAN UMPTPP,Madhya Pradesh,WR,PVT SECTOR, 5-10 years,5.7577002053388,660.0,15.5973108253068,0.9846787137188636,0.85,0.15,13.00511285158877,3132931.685947735,11.131287504004106,13.464,Contracted,0.0,0.0,2569.828483453798,2525.307579445297,0.3346526842305745,3354321.662349668,Operational,0.0,N,0.0,0.0599850332607347,0.9356052086340456,1.7438359155192522,0.0539797703951733,992.7690042980836,859.2263624148072,0.5385536531578776,Bid Awarded,N,N,1038.162554497222,911.9679849954014,649.8879510544499,Bid Awarded,774.258264544583,540.7949508460034,233.4633136985794,4037270.742726423,15882572.680279568,10165445.947873345,664958.4549666924,2644997.091437627,2,0.480175605372469,1.72
41,SASAN UMPTPP3,SASAN UMPTPP,Madhya Pradesh,WR,PVT SECTOR, 5-10 years,6.00958247775496,660.0,14.7629499536607,0.9320044162664584,0.85,0.15,12.280217919823002,2958304.496885361,11.13926587498289,13.464,Contracted,0.0,0.0,2571.752999275838,2544.644700985336,0.33440225412089,3199197.098747191,Operational,0.0,N,0.0,0.0599850332607347,0.8855560439968988,1.7476830327632116,0.0327953494307197,941.7349358854012,860.2398632410875,0.5385536531578776,Bid Awarded,N,N,990.1515020622556,912.6509476240816,615.1229147358625,Bid Awarded,738.4517774234413,515.7852501694009,222.6665272540405,3850562.392975677,15032952.041573092,9621656.673123663,656921.0599191729,2503505.9008451686,2,0.480175605372469,1.72
42,SASAN UMPTPP4,SASAN UMPTPP,Madhya Pradesh,WR,PVT SECTOR, 5-10 years,6.17659137577002,660.0,14.4964427562798,0.915179466936856,0.85,0.15,12.051417359160077,2903186.441821662,11.144555881827516,13.464,Contracted,0.0,0.0,2573.029036940451,2551.4825823397746,0.3342364146121773,3149885.379716456,Operational,0.0,N,0.0,0.0599850332607347,0.8695696008977803,1.749620532987394,0.0260378204903164,925.759497410718,860.9118583541646,0.5385536531578776,Bid Awarded,N,N,974.8895250222432,913.103781540924,604.018448178325,Bid Awarded,727.0694444686161,507.8350499937034,219.23439447491268,3791210.672849685,14761570.648996623,9447962.339527445,662988.5881924687,2458311.5228004646,2,0.480175605372469,1.72
43,KORADI TPS9,KORADI TPS,Maharashtra,WR,STATE SECTOR, 0-5 years,4.17522245037645,660.0,7.3356619453714,0.4631099712986995,0.85,0.15,6.58799658478587,1587048.377274916,11.970913621115674,13.464,Contracted,0.0714588910594988,113408.7170978426,2573.8483107744855,2701.743011830309,0.3341300248347662,1775364.8068279172,Operational,2689258.434790319,N,1587048.377274916,0.0824974969418697,0.6051737489048674,2.031889897206821,0.1330837583012702,544.0418949585509,992.1015073421544,0.653872465730303,Bid opened,N,N,576.5738999420162,1008.158193969314,305.6525810571417,Bid opened,473.00884328161766,330.2135530986455,142.7952901829722,2031455.0233008128,9069315.439010393,4780969.991093165,226785.17736787477,1710852.8157990118,2,0.3002767882898282,2.38
44,SASAN UMPTPP2,SASAN UMPTPP,Madhya Pradesh,WR,PVT SECTOR, 5-10 years,6.4229979466119,660.0,15.2138026165102,0.9604673369008964,0.85,0.15,12.689326008462174,3056858.635438538,11.152360809958932,13.464,Contracted,0.0,0.0,2574.9117154620117,2538.3943953418784,0.3339920335271346,3288800.84511416,Operational,0.0,N,0.0,0.0599850332607347,0.9126004559736168,1.7501035112739085,0.0441171896507996,971.8391223328678,861.9033265537867,0.5385536531578776,Bid Awarded,N,N,1017.8838615628324,913.7718971559374,633.9084423545917,Bid Awarded,759.1344811538239,530.2314656758168,228.90301547800703,3958409.707592678,15492050.425006377,9915496.965593517,723554.5819517748,2579961.643457478,2,0.480175605372469,1.72
45,RAJPURA TPS2,RAJPURA TPS,Punjab,NR,PVT SECTOR, 5-10 years,5.8425735797399,700.0,12.553751259891,0.7472470988030357,0.85,0.15,9.496027927914538,2426235.1355821644,10.92565986813826,14.28,capacity not mentioned,0.1861721170769321,451697.3317177691,2575.420815970075,2609.387965822237,0.3339260111074573,2841618.428437346,Operational,2945352.7690989343,N,2426235.1355821644,0.0527127232694761,0.6617424161564722,2.83368326054045,0.0253443104229,1298.4274502781725,1475.1576923796838,1.1336693330705787,Bid Awarded,N,N,992.481736965719,1114.260559583554,523.072969162125,Bid Awarded,1355.4747677232783,648.6133145787277,706.8614531445503,3357654.765007246,26909279.29186472,8181825.784250771,543092.0522081952,1870774.9271406576,2,0.6419479908711675,3.77
46,BARH II4,BARH II,Bihar,ER,CENTRAL SECTOR, 5-10 years,6.50513347022587,660.0,12.1776629759299,0.768791854541029,0.85,0.15,10.914840262455105,2629385.019225435,12.044713552669403,13.464,Contracted,0.0047535098469989,12498.80758043972,2576.6109803838604,2603.456054478007,0.3337717670798245,2699944.889754605,Operational,0.0,N,0.0,0.0789386025289212,0.96128769738809,2.033628311138562,0.0279103771076117,903.9166669844544,998.045917539856,0.6563170334683781,Bid Awarded,N,N,838.3743316218402,917.3746340649532,507.4026239970792,Bid Awarded,759.4876950970947,459.8579316207006,299.62976347639415,3249661.0664179297,15111924.477593193,7936712.689752969,586564.6682560669,2717602.6171748154,2,0.1861689550136247,1.87
47,RAJPURA TPS1,RAJPURA TPS,Punjab,NR,PVT SECTOR, 5-10 years,6.33812457221081,700.0,12.5968725721872,0.7498138435825714,0.85,0.15,9.547436395742167,2439369.9991121236,10.94135644582478,14.28,capacity not mentioned,0.1861721170769321,454142.6770686582,2579.207091663435,2612.325749613733,0.3334358077642191,2854589.4314116994,Operational,2945352.7690989343,N,2439369.9991121236,0.0527127232694761,0.6640154579585585,2.837653690702829,0.0246766393430381,1304.713011020979,1477.272490711201,1.1336693330705787,Bid Awarded,N,N,997.012072014698,1115.8986987360606,524.8696905078,Bid Awarded,1361.6620401127905,651.5740094941362,710.0880306186539,3372981.2949550785,27001710.901507773,8209929.81925129,591179.3345767544,1877200.9163289948,2,0.6419479908711675,3.77
48,TIRORA TPS5,TIRORA TPS,Maharashtra,WR,PVT SECTOR, 5-10 years,5.67282683093771,660.0,11.5623723398075,0.729947748725221,0.85,0.15,9.458276152208567,2278498.725067044,11.128599139869952,13.464,Contracted,0.0451218236473745,102810.01765324284,2579.3529731198846,2619.03878988649,0.333416949507216,2599476.0450966447,Operational,2806337.2555063083,N,2278498.7250670446,0.0550821667400076,0.6368805211313288,1.9955821357189047,0.0420473269722765,842.1887246065337,978.7018409466832,0.6742792038738,NIT issued,N,N,829.5916420495777,951.3939098072152,481.76551415864583,NIT issued,745.2835083253904,462.10380714820457,283.1797011771859,3103935.9202593123,14741065.10834083,7535701.017049329,485671.0476974584,1800489.255981196,2,0.3002767882898282,2.38
49,SASAN UMPTPP1,SASAN UMPTPP,Madhya Pradesh,WR,PVT SECTOR, 5-10 years,7.00889801505817,660.0,15.159753460494,0.9570551427079548,0.85,0.15,12.660409511665552,3049892.651360232,11.170919194626968,13.464,Contracted,0.0,0.0,2579.3883066132785,2543.998959622139,0.3334123822283954,3284352.5236918046,Operational,0.0,N,0.0,0.0599850332607347,0.9093583155522704,1.7550162761694454,0.0426347850037985,971.1049134047312,864.2608176062213,0.5385536531578776,Bid Awarded,N,N,1016.5071060826136,915.3605276183029,631.65639418725,Bid Awarded,758.1077013839324,529.5142924267657,228.5934089571667,3953055.695741548,15437012.754836831,9880270.779479472,786751.5671881255,2570795.969832153,2,0.480175605372469,1.72
50,KORADI TPS8,KORADI TPS,Maharashtra,WR,STATE SECTOR, 5-10 years,5.1772758384668,660.0,7.42675894619213,0.4688610445828365,0.85,0.15,6.699753033777815,1613970.5058370756,12.002653662183436,13.464,Contracted,0.0714588910594988,115332.5425498558,2581.5045367621656,2707.498098621164,0.3331390620287846,1801240.689129509,Operational,2689258.434790319,N,1613970.5058370756,0.0824974969418697,0.6126890234514891,2.0398994979149987,0.1305907028706759,552.9692273597664,996.1334780206172,0.653872465730303,Bid opened,N,N,584.977445126471,1011.1570835822132,309.4482894246721,Bid opened,479.9029312511972,335.02640452022894,144.87652673096824,2061063.4118876236,9181941.599013891,4840341.869247572,284705.8361201848,1732098.8276143917,2,0.3002767882898282,2.38
51,TIRORA TPS4,TIRORA TPS,Maharashtra,WR,PVT SECTOR, 5-10 years,6.17659137577002,660.0,11.0752459739358,0.6991948215868561,0.85,0.15,9.04635819301192,2179267.6886965716,11.144555881827516,13.464,Contracted,0.0451218236473745,98332.53232978816,2583.202004763964,2633.0538535582114,0.3329201504233817,2503283.636057734,Operational,2806337.2555063083,N,2179267.688696572,0.0550821667400076,0.6100485454229299,2.000748804317467,0.0526818939568312,808.7956576053971,980.7288425992438,0.6742792038738,NIT issued,N,N,798.8929869425913,952.8136244810088,461.468582247325,NIT issued,717.7046367223919,445.00386944364857,272.70076727874346,2989076.2068046145,14120019.421152407,7218219.574413828,506521.62158631394,1724634.0800466212,2,0.3002767882898282,2.38
52,SIPAT STPS3,SIPAT STPS,Chhattisgarh,WR,CENTRAL SECTOR, 5-10 years,7.75633127994524,660.0,13.4211490818722,0.8472947652697096,0.85,0.15,12.046706500919312,2902051.5960714626,12.084345243292264,13.464,Contracted,0.0029815102260802,8652.49651029948,2585.7712963056056,2586.6655689966797,0.3325893520547298,3017366.0197836356,Operational,2771652.5543531985,Pithead plant,2902051.5960714626,0.0545953598388975,0.7327324635763028,1.5502389061794677,0.0012196746944483,759.418542740889,761.7981606233063,0.4330693050423803,Bid Awarded,N,N,935.7963944357537,938.459635987374,559.2145450780083,Bid Awarded,548.7572237237881,488.4897923929302,60.26743133085768,3558392.483211147,10989786.409728942,8747146.676641174,770800.1453833135,2071466.914758605,2,0.1399765094174352,1.59
53,MAHATMA GANDHI TPS2,MAHATMA GANDHI TPS,Haryana,NR,PVT SECTOR, 5-10 years,8.09034907597536,660.0,9.29487232392252,0.5867974951971288,0.85,0.15,7.54315874690773,1817146.9421300725,11.20517415698152,13.464,Contracted,0.0,0.0,2587.6511734579053,2674.6583413135963,0.3323477325001163,2012880.416946549,Operational,2975298.664949065,N,1817146.942130072,0.0626028766321313,0.5818857454059332,2.762088874822543,0.0666024278006807,937.0741155162856,1353.0071666967026,1.0559428059452731,FGD commissioned,N,N,622.9864890449569,873.0652851048085,387.286346830105,FGD commissioned,958.1753681767734,371.4356814170451,586.7396867597283,2548212.2987439865,18557777.89340944,6057872.620446398,556809.2311346779,1645016.6052353708,2,0.8622503374774995,3.24
54,SIPAT STPS2,SIPAT STPS,Chhattisgarh,WR,CENTRAL SECTOR, 5-10 years,8.00821355236139,660.0,14.0907449511803,0.8895672317664332,0.85,0.15,12.642834380006962,3045658.802143677,12.092323614271049,13.464,Contracted,0.0029815102260802,9080.662863742597,2587.6958121276457,2574.616024841938,0.3323419993839592,3153148.571611663,Operational,2771652.5543531985,Pithead plant,3045658.802143677,0.0545953598388975,0.769289291007818,1.550868890189712,0.0178319268387088,797.6307764299896,762.8116614495865,0.4330693050423803,Bid Awarded,N,N,977.9075674239962,939.1581047268112,587.1143729658459,Bid Awarded,573.4514953775208,510.4720080466386,62.97948733088219,3718521.419710116,11538078.92474706,9183551.432089578,835536.3282647975,2174814.6744079054,2,0.1399765094174352,1.59
55,TIRORA TPS3,TIRORA TPS,Maharashtra,WR,PVT SECTOR, 5-10 years,6.92402464065708,660.0,12.1061020507795,0.7642741193673926,0.85,0.15,9.975500935487158,2403098.175358856,11.168230830492814,13.464,Contracted,0.0451218236473745,108432.1720758698,2588.912796279365,2617.251303511143,0.332185773594206,2719860.8986646705,Operational,2806337.2555063083,N,2403098.175358857,0.0550821667400076,0.6668303317325845,2.0046634125474987,0.0298887795721218,885.8060845163825,983.736296138097,0.6742792038738,NIT issued,N,N,868.0110260395861,954.9200489698449,504.42091878247913,NIT issued,779.7984815199522,483.5043887237487,296.29409279620364,3247682.91571626,15434275.362709014,7890073.321932209,620667.0251441663,1885158.6883426127,2,0.3002767882898282,2.38
56,MAHATMA GANDHI TPS1,MAHATMA GANDHI TPS,Haryana,NR,PVT SECTOR, 5-10 years,8.33949349760438,660.0,9.73156688119074,0.614366596034769,0.85,0.15,7.934627567147171,1911451.7809257535,11.21306580653662,13.464,Contracted,0.0,0.0,2589.5547706297057,2667.448387738577,0.332103421697805,2101769.2286808747,Operational,2975298.664949065,N,1911451.780925753,0.0626028766321313,0.6092240809005187,2.763194644451056,0.0596023069423904,981.4927923201584,1354.0096512096538,1.0559428059452731,FGD commissioned,N,N,650.4975762767307,873.7075527429545,405.4819533829475,FGD commissioned,1000.488398396191,387.83828341909305,612.650114977098,2660741.3697087434,19429665.136033166,6342485.459631339,600922.1101054956,1722303.282565326,2,0.8622503374774995,3.24
57,TIRORA TPS2,TIRORA TPS,Maharashtra,WR,PVT SECTOR, 5-10 years,7.17590691307323,660.0,10.8651856330667,0.6859334364309785,0.85,0.15,8.893501882566728,2142444.603510325,11.176209201471597,13.464,Contracted,0.0451218236473745,96671.00757386208,2590.837312101404,2645.0729929002923,0.3319390206336275,2467014.773081233,Operational,2806337.2555063083,N,2142444.603510325,0.0550821667400076,0.5984779667017152,2.009380197995992,0.0570683944965367,796.878543340169,984.7497969643772,0.6742792038738,NIT issued,N,N,787.318213769089,955.6299063067418,452.7160680444458,NIT issued,707.3061621940009,438.5564241232764,268.7497380707246,2945768.930789482,13852209.920608057,7081314.112644607,577310.8031746225,1691923.5448962837,2,0.3002767882898282,2.38
58,SIPAT STPS1,SIPAT STPS,Chhattisgarh,WR,CENTRAL SECTOR, 5-10 years,8.59137577002053,660.0,14.174446174762,0.8948513999218435,0.85,0.15,12.734826260047983,3067819.6460455596,12.1107952775154,13.464,Contracted,0.0029815102260802,9146.735646454626,2592.151484628672,2577.324903534828,0.3317707337320973,3175216.0539719965,Operational,2771652.5543531985,Pithead plant,3067819.6460455596,0.0545953598388975,0.773858989428217,1.5554645748963902,0.0201536433773778,804.7464846170548,765.1581361886919,0.4330693050423803,Bid Awarded,N,N,984.7515069035542,940.7752116996384,590.6019239484167,Bid Awarded,577.4648269638222,514.0445742537728,63.42025271004944,3744545.6948028794,11606616.91384058,9238103.160500998,901705.152273284,2187733.412909104,2,0.1399765094174352,1.59
59,TALWANDI SABO TPS3,TALWANDI SABO TPS,Punjab,NR,PVT SECTOR, 0-5 years,4.17522245037645,660.0,8.98842952098451,0.5674513586480121,0.85,0.15,7.14997850939306,1722429.8229127885,11.081162521115674,13.464,Contracted,0.1577175071260848,271657.33786942874,2593.2957988149474,2686.6982422450437,0.331624337028191,2610474.577159713,Operational,2228537.9829449304,N,1722429.8229127885,0.0710908921960947,0.6389954740885057,3.5696500242759215,0.055322943022695,1171.122489509144,1749.5496437031366,1.4850347551807193,Bid Awarded,N,N,895.8847487571301,1295.315594801926,374.517896707688,Bid Awarded,1308.977528265594,512.3208012895961,796.6567269759977,2475292.773943686,25238444.42289481,5858150.515509768,277881.2053166265,1806468.3210490656,2,0.6419479908711675,3.77
61,TIRORA TPS1,TIRORA TPS,Maharashtra,WR,PVT SECTOR, 5-10 years,7.67145790554414,660.0,12.0185671557462,0.7587479264991288,0.85,0.15,9.92228830491844,2390279.252654852,11.19190577915811,13.464,Contracted,0.0451218236473745,107853.75890627036,2594.623587794765,2624.7888952344365,0.3314546295059837,2707971.0224503754,Operational,2806337.2555063083,N,2390279.2526548523,0.0550821667400076,0.6620087200487914,2.0109703853089926,0.0317157333376354,882.1678657779323,986.7437496769504,0.6742792038738,NIT issued,N,N,864.2165144683064,957.0264734586806,500.77363148942504,NIT issued,776.3895912263642,481.3907485247899,294.9988427015744,3233485.6647207756,15322675.636544244,7833023.023071075,682694.3966440326,1871527.779961615,2,0.3002767882898282,2.38
62,TALWANDI SABO TPS2,TALWANDI SABO TPS,Punjab,NR,PVT SECTOR, 0-5 years,4.59137577002053,660.0,9.10950795968895,0.5750951994753125,0.85,0.15,7.2695112163752675,1751225.252024802,11.0943441775154,13.464,Contracted,0.1577175071260848,276198.88116560143,2596.4754336513606,2687.3510434465675,0.3312182310119541,2646281.741331033,Operational,2228537.9829449304,N,1751225.252024802,0.0710908921960947,0.6476030483217144,3.572798343654383,0.0537788499196303,1187.944875670733,1751.2241233291654,1.4850347551807193,Bid Awarded,N,N,908.1733542689416,1296.903778684098,379.5628316537062,Bid Awarded,1326.9324141937195,519.3481652795257,807.5842489141938,2509245.686377378,25578418.323665645,5937062.600925535,309694.5017931981,1830802.3121396129,2,0.6419479908711675,3.77
64,TALWANDI SABO TPS1,TALWANDI SABO TPS,Punjab,NR,PVT SECTOR, 5-10 years,5.92470910335386,660.0,9.55045847664839,0.6029329846368934,0.85,0.15,7.699060005997222,1854703.555444731,11.136577510848737,13.464,Contracted,0.1577175071260848,292519.2212226292,2606.6628163180276,2688.3360560670285,0.3299237609929044,2775393.3094075858,Operational,2228537.9829449304,N,1854703.555444731,0.0710908921960947,0.6789506139866903,3.5827719741146464,0.0481984743577748,1248.9246964079753,1756.589067920453,1.4850347551807193,Bid Awarded,N,N,952.4829544236206,1301.9922362539514,397.9357698603496,Bid Awarded,1391.6731868984373,544.6870605867175,846.9861263117197,2631671.292161348,26816555.09600679,6224449.23417549,418973.91985298303,1919423.259567389,2,0.6419479908711675,3.77
66,KAWAI TPS2,KAWAI TPS,Rajasthan,NR,PVT SECTOR, 5-10 years,6.4229979466119,660.0,9.49145939642784,0.5992082952290304,0.85,0.15,7.663020583969001,1846021.6586781323,11.152360809958932,13.464,Contracted,0.1454497925624648,268503.46732055163,2607.7041857140575,2690.6087005102427,0.3297920081240003,2087729.8395919565,Operational,2946768.6297610938,N,1846021.6586781323,0.0549578243156399,0.5216299580079115,2.4343453774526584,0.0720059963336331,843.3503962045406,1192.1488729426533,0.8997010288690078,NIT issued,N,N,711.0141340332277,977.523315166536,395.4774748511601,NIT issued,838.6381562839576,461.25361077344536,377.38454551051234,2617624.8313382654,16146312.72107206,6185996.967135769,451405.15548964735,1474670.8430065175,2,0.7332776481482451,2.8
68,KAWAI TPS1,KAWAI TPS,Rajasthan,NR,PVT SECTOR, 5-10 years,7.00889801505817,660.0,9.43723544926461,0.5957850662414527,0.85,0.15,7.633950556764171,1839018.689124489,11.170919194626968,13.464,Contracted,0.1454497925624648,267484.88685165293,2612.1807768653243,2696.216912575808,0.3292268313190863,2080129.538111964,Operational,2946768.6297610938,N,1839018.6891244887,0.0549578243156399,0.518649927846014,2.4392585162461895,0.0728418421676961,840.2247782895286,1194.506363995088,0.8997010288690078,NIT issued,N,N,708.4257139835125,979.201408965213,393.2181437193587,NIT issued,835.5851258106139,459.5744344575584,376.0106913530555,2608095.467192388,16054070.129990872,6150656.86202779,489767.8447727422,1466246.1666175069,2,0.7332776481482451,2.8
100,MUNDRA UMTPP5,MUNDRA UMTPP,Gujarat,WR,PVT SECTOR, 5-10 years,7.17590691307323,800.0,11.7740050320461,0.613229428752401,0.85,0.15,7.152843212532376,2088630.218059454,10.447103201471595,16.32,Contracted,1.0,2088630.218059454,2676.5160222778923,2754.785554139896,0.3213132269120822,2762184.6771996333,Operational,0.0,N,0.0,0.0777210351204392,0.9150878586038828,3.0368784222843375,0.0544926598942774,1305.1020966376122,1804.2288201255296,1.2224735304310752,Bid opened,N,N,1444.8988046431282,1945.8771564561923,490.5835430019208,Bid Awarded,1447.2526145210536,1447.2526145210536,0.0,3324573.0451067314,27214842.779261615,7673631.248603337,625600.0156082057,2586993.640138955,2,0.5410396253694397,3.7
101,MUNDRA UMTPP4,MUNDRA UMTPP,Gujarat,WR,PVT SECTOR, 5-10 years,7.33744010951403,800.0,14.9153365741476,0.7768404465701876,0.85,0.15,9.434328950733848,2754824.053614283,10.452219765468858,16.32,Contracted,1.0,2754824.053614283,2677.7502226420265,2701.9346640107833,0.3211651306115748,3432010.4279055516,Operational,0.0,N,0.0,0.0777210351204392,1.159235397712497,3.0326572785991495,0.0168610805662015,1651.008296888586,1805.016653442401,1.2224735304310752,Bid opened,N,N,1795.284654837394,1946.7744431808255,621.4723572561501,Bid Awarded,1798.2092601735353,1798.2092601735353,0.0,4130777.153795417,34475825.24046675,9720973.662512967,810351.3590625034,3277209.475690728,2,0.5410396253694397,3.7
102,PAINAMPURAM TPP2,PAINAMPURAM TPP,Andhra Pradesh,SR,PVT SECTOR, 0-5 years,4.67351129363449,660.0,13.6119627175783,0.8593410806551957,0.85,0.15,11.226911077705804,2704562.878619328,11.096945820225873,13.464,Contracted,0.515439638344098,1394038.9120344191,2677.753450885583,2674.6655586440984,0.3211647434216104,3549643.423314671,Operational,2470826.825414103,N,2704562.878619328,0.059223285155824,0.8061451495535852,3.1702974557088983,0.002059371987077,1575.1199331321145,1558.1538443384457,1.290269855437874,Bid Opened,N,N,1489.4229501328025,1474.9336902338646,567.1651132324291,Bid Opened,1714.6032860767618,1218.902098575331,495.7011875014311,3731763.406291056,33208055.804765813,8871508.223423993,471042.1654962912,2279007.8081745654,2,0.3737469423015516,3.43
103,MUNDRA UMTPP3,MUNDRA UMTPP,Gujarat,WR,PVT SECTOR, 5-10 years,7.58932238193018,800.0,16.7033608939385,0.8699667132259634,0.85,0.15,10.738001007574436,3135496.294211735,10.46019813644764,16.32,Contracted,1.0,3135496.294211735,2679.6747384640657,2673.074318112903,0.320934472999859,3802380.689825434,Operational,0.0,N,0.0,0.0777210351204392,1.2982024986671648,3.031564155430722,0.0046033872234755,1848.2618208869833,1806.2451392924372,1.2224735304310752,Bid opened,N,N,1989.0253388476845,1948.17360214127,695.9733705807707,Bid Awarded,1992.265557107246,1992.265557107246,0.0,4576555.815755233,38608726.54432743,10886306.890778605,938647.6634331892,3670075.584642016,2,0.5410396253694397,3.7
104,MUNDRA UMTPP2,MUNDRA UMTPP,Gujarat,WR,PVT SECTOR, 5-10 years,7.84120465434633,800.0,16.1195181683351,0.8395582379341199,0.85,0.15,10.322897139275211,3014285.9646683615,10.46817650742642,16.32,Contracted,1.0,3014285.9646683615,2681.599254286106,2685.0510001023376,0.3207041464623874,3685914.805962536,Operational,0.0,N,0.0,0.0777210351204392,1.25282563768573,3.0346568276207444,0.0024049269968613,1785.4780141635583,1807.4736251424745,1.2224735304310752,Bid opened,N,N,1928.1020349990024,1949.572761101716,671.646590347296,Bid Awarded,1931.2430062566743,1931.2430062566743,0.0,4436377.158853237,37259212.25909778,10505791.18934431,935902.446550527,3541793.2020656173,2,0.5410396253694397,3.7
105,PAINAMPURAM TPP1,PAINAMPURAM TPP,Andhra Pradesh,SR,PVT SECTOR, 5-10 years,5.2539356605065,660.0,11.2535738901067,0.7104528971026957,0.85,0.15,9.17377005530548,2209961.20632309,11.115330762046543,13.464,Contracted,0.515439638344098,1139101.60494166,2682.18820473637,2728.3184579976555,0.3206337267762791,2993505.2230394087,Operational,2470826.825414103,N,2209961.20632309,0.059223285155824,0.6664736155159252,3.1800946301171416,0.0306703316505798,1306.2411912607497,1560.489302764222,1.290269855437874,Bid Opened,N,N,1256.0685254334237,1477.3763975190543,468.89891208777914,Bid Opened,1445.968870731925,1027.9313619202048,418.03750881172016,3147091.669688905,27454476.441014327,7334443.634646757,437795.1584426479,1884150.2359026032,2,0.3737469423015516,3.43
106,MUNDRA UMTPP1,MUNDRA UMTPP,Gujarat,WR,PVT SECTOR, 5-10 years,8.17522245037645,800.0,15.0466075992725,0.7836774791287761,0.85,0.15,9.555991391478074,2790349.4863115973,10.478756521115674,16.32,Contracted,1.0,2790349.4863115973,2684.1513296153325,2706.0756449267574,0.3203992228423452,3467522.0024623964,Operational,0.0,N,0.0,0.0777210351204392,1.1694379176665253,3.0392850884859524,0.0152520168644401,1669.1789489700436,1809.102704204479,1.2224735304310752,Bid opened,N,N,1813.8607594880796,1951.4281675492632,626.9419833030208,Bid Awarded,1816.8156261951071,1816.8156261951071,0.0,4173518.9822240206,34779249.63178671,9806528.699876456,910822.8375711872,3306052.4485116443,2,0.5410396253694397,3.7
158,SEMBCORP GAYATRI P. LTD2,SEMBCORP GAYATRI P. LTD,Andhra Pradesh,SR,PVT SECTOR, 0-5 years,3.1649555099247,660.0,12.6636468942564,0.7994726574656819,0.85,0.15,10.346160240894136,2492390.0020313975,11.049162315776863,13.464,Not contracted,1.0,2492390.0020313975,2775.4741216769335,2792.177005931314,0.3098569694032638,3011219.654531572,Operational,0.0,N,0.0,0.0623689647506318,0.7898185467623265,3.0518769780018027,0.0115716989165951,1410.6480731155675,1498.9608537020845,1.2224735304310752,Bid Opened,N,N,1575.1690012854651,1664.7027735204122,527.6519539273501,Bid opened,1577.7350276000511,1577.7350276000511,0.0,3624312.226111062,29271191.77384799,8253449.549626797,296771.464157072,2232851.7837131545,2,0.3737469423015516,3.43
160,SEMBCORP GAYATRI P. LTD1,SEMBCORP GAYATRI P. LTD,Andhra Pradesh,SR,PVT SECTOR, 0-5 years,3.50444900752908,660.0,12.5974152109045,0.7952913643247791,0.85,0.15,10.298738111573432,2480966.01107804,11.059915772313484,13.464,Not contracted,1.0,2480966.01107804,2778.0680343066388,2796.1531336521593,0.3095676525483805,2999736.406096388,Operational,0.0,N,0.0,0.0623689647506318,0.7856877452379769,3.054798310696201,0.0125173107431385,1404.613538747454,1500.326876554897,1.2224735304310752,Bid Opened,N,N,1569.1621140290206,1666.258577451429,524.8923004543542,NIT issued,1571.718354834397,1571.718354834397,0.0,3610490.956833519,29118101.56838928,8210283.480508138,326886.4558228663,2221173.826048551,2,0.3737469423015516,3.43
170,MUNDRA TPS8,MUNDRA TPS,Gujarat,WR,PVT SECTOR, 5-10 years,8.17522245037645,660.0,11.7336201746208,0.7407588494078787,0.85,0.15,9.687957620582312,2333828.990798279,11.207862521115675,13.464,Contracted,1.0,2333828.990798279,2813.755251615332,2849.8672298559504,0.3056413664643674,3727771.902168804,Operational,2160947.0360965673,N,2333828.990798279,0.0731654189611003,0.8584952360065504,3.834808935969283,0.0199104110484075,1642.360989637044,1882.7441248277887,1.5976606285716104,Unknown,N,N,1949.997482024501,2209.2141638447274,488.9008406092,Unknown,1949.997482024501,1949.997482024501,0.0,3427524.111380918,35445304.11825595,7647310.680277972,710276.3298583908,2427003.8059809026,2,0.5410396253694397,3.7
171,MUNDRA TPS9,MUNDRA TPS,Gujarat,WR,PVT SECTOR, 5-10 years,8.17522245037645,660.0,10.0553444389709,0.63480709841988,0.85,0.15,8.21381912356099,1978709.0268658423,11.207862521115675,13.464,Contracted,1.0,1978709.0268658423,2813.755251615332,2884.8918273221543,0.3056413664643674,3233844.719217109,Operational,2160947.0360965673,N,1978709.0268658423,0.0731654189611003,0.7357034886754766,3.8383989572095696,0.0391846092088708,1408.7694617259067,1882.7441248277887,1.5976606285716104,Unknown,N,N,1691.6241726224698,2209.2141638447274,418.9726849571208,Unknown,1691.6241726224698,1691.6241726224698,0.0,2973379.5517718834,30375513.8097996,6553505.378360432,608684.5353169142,2079866.133439074,2,0.5410396253694397,3.7
172,MUNDRA TPS7,MUNDRA TPS,Gujarat,WR,PVT SECTOR, 5-10 years,8.50650239561943,660.0,10.4925614301604,0.662409181196995,0.85,0.15,8.608348474129397,2073751.1474177716,11.218355813381246,13.464,Contracted,1.0,2073751.1474177716,2816.286408294319,2878.298530375011,0.305366669195005,3366743.527182312,Operational,2160947.0360965673,N,2073751.147417772,0.0731654189611003,0.767692653012768,3.84017610662704,0.0341427209798222,1470.704855101772,1884.077098740614,1.5976606285716104,Unknown,N,N,1761.1435390690674,2211.2014963189777,437.1900595900167,Unknown,1761.1435390690674,1761.1435390690674,0.0,3095574.2247907706,31696273.216338124,6838458.710457745,660888.6396648799,2170300.908543828,2,0.5410396253694397,3.7
173,MUNDRA TPS6,MUNDRA TPS,Gujarat,WR,PVT SECTOR, 5-10 years,8.84325804243668,660.0,6.37326988629341,0.4023528968619577,0.85,0.15,5.000774108403658,1204686.4827144414,11.229022548494182,13.464,Contracted,1.0,1204686.4827144414,2818.8594022737852,2966.838642334652,0.3050879370948035,2107894.710677859,Operational,2160947.0360965673,N,1204686.4827144411,0.0731654189611003,0.4663029613828218,3.851744975289761,0.0812299048931307,896.0096745154108,1885.4321052800976,1.5976606285716104,NIT issued,N,N,1102.639723155588,2213.2216772638776,265.55291192889206,NIT issued,1102.639723155588,1102.639723155588,0.0,1938117.496110014,19252582.40726145,4153737.222137469,417321.101437323,1318258.989159538,2,0.5410396253694397,3.7
174,MUNDRA TPS5,MUNDRA TPS,Gujarat,WR,PVT SECTOR, 5-10 years,9.42368240930869,660.0,7.77563517921431,0.4908860592938327,0.85,0.15,6.250947499087736,1505853.2525302356,11.247407490314853,13.464,Contracted,1.0,1505853.2525302356,2823.2941561245725,2942.006882440539,0.3046087132417293,2550188.234121966,Operational,2160947.0360965673,N,1505853.2525302356,0.0731654189611003,0.5689076055758857,3.853497472125118,0.0651350689591828,1093.663753515336,1887.7675637058735,1.5976606285716104,NIT issued,N,N,1334.0034652692004,2216.703615152647,323.9847991339296,NIT issued,1334.003465269201,1334.003465269201,0.0,2344787.1517910156,23488893.413815297,5067719.686424262,542565.5998248395,1608326.8328976743,2,0.5410396253694397,3.7
